utt,speaker,l1,lookahead_ms,chunk_ms,t_algorithmic_ms,n_frames,divergence_mean,divergence_p95,cka_to_bidirectional,div_silence,div_sonorant_steady,div_obstruent_or_transient
0,ABA,Arabic,0,40.0,40.0,143,0.475861132144928,0.8701585531234741,0.7494329159377797,0.5206142663955688,0.4658397138118744,0.4631603956222534
0,ABA,Arabic,20,40.0,60.0,143,0.3931587040424347,0.7325224876403809,0.7963302031027596,0.3947233557701111,0.3988514542579651,0.38687989115715027
0,ABA,Arabic,40,40.0,80.0,143,0.3779105246067047,0.8803237676620483,0.8140807606477534,0.40659624338150024,0.36490556597709656,0.3761242628097534
0,ABA,Arabic,80,40.0,120.0,143,0.29984331130981445,0.5944201350212097,0.8595589323559973,0.2478739619255066,0.3070150911808014,0.31890353560447693
0,ABA,Arabic,160,40.0,200.0,143,0.24104592204093933,0.5170379877090454,0.8833146344514933,0.24586066603660583,0.22732575237751007,0.2518855929374695
0,ABA,Arabic,320,40.0,360.0,143,0.20772522687911987,0.3960728943347931,0.9012421676173802,0.2638354003429413,0.17289765179157257,0.21329674124717712
0,ABA,Arabic,640,40.0,680.0,143,0.14234806597232819,0.3182224929332733,0.9351743282297397,0.1802520453929901,0.11317003518342972,0.1515679806470871
1,BWC,Chinese,0,40.0,40.0,251,0.4094269275665283,0.7148227691650391,0.7830046404373818,0.4031490087509155,0.42781582474708557,0.38802435994148254
1,BWC,Chinese,20,40.0,60.0,251,0.3419373631477356,0.7019190788269043,0.8372857347954058,0.34758639335632324,0.3620221018791199,0.3112045228481293
1,BWC,Chinese,40,40.0,80.0,251,0.300564706325531,0.61838299036026,0.8537405647140185,0.3185291290283203,0.3171094059944153,0.26741862297058105
1,BWC,Chinese,80,40.0,120.0,251,0.27212196588516235,0.6583155393600464,0.8685109146301695,0.2695337235927582,0.29623642563819885,0.24073526263237
1,BWC,Chinese,160,40.0,200.0,251,0.19380125403404236,0.4487628936767578,0.9108174997824021,0.22338111698627472,0.19493292272090912,0.17485694587230682
1,BWC,Chinese,320,40.0,360.0,251,0.15373528003692627,0.40122008323669434,0.9296716836169306,0.22908765077590942,0.13635291159152985,0.13313215970993042
1,BWC,Chinese,640,40.0,680.0,251,0.12796643376350403,0.34034264087677,0.9388583320263995,0.21639461815357208,0.10557287186384201,0.10651049017906189
2,BWC,Chinese,0,40.0,40.0,205,0.46324291825294495,0.7452757358551025,0.7766189832376137,0.47978657484054565,0.4692051410675049,0.4487594664096832
2,BWC,Chinese,20,40.0,60.0,205,0.3829009532928467,0.6813607811927795,0.8275252881433302,0.3813368082046509,0.4042223393917084,0.36184483766555786
2,BWC,Chinese,40,40.0,80.0,205,0.36010006070137024,0.6602138876914978,0.8557583437860086,0.35129281878471375,0.3852504789829254,0.3387865126132965
2,BWC,Chinese,80,40.0,120.0,205,0.2978494167327881,0.5738755464553833,0.8844914138326146,0.3141414523124695,0.31227508187294006,0.274821013212204
2,BWC,Chinese,160,40.0,200.0,205,0.22507920861244202,0.5220322012901306,0.9115655848253111,0.27122658491134644,0.20037628710269928,0.2270335853099823
2,BWC,Chinese,320,40.0,360.0,205,0.18394726514816284,0.4305821657180786,0.9265238006430919,0.23647885024547577,0.1584593951702118,0.18347440659999847
2,BWC,Chinese,640,40.0,680.0,205,0.14854659140110016,0.3610362410545349,0.9406913021488797,0.19776517152786255,0.1163179874420166,0.1566578596830368
3,MBMPS,Spanish,0,40.0,40.0,262,0.47980308532714844,0.8370963931083679,0.7327516159337089,0.46819257736206055,0.48957934975624084,0.47335338592529297
3,MBMPS,Spanish,20,40.0,60.0,262,0.3975321650505066,0.8128069043159485,0.7913069760180496,0.3990808427333832,0.40016818046569824,0.392974853515625
3,MBMPS,Spanish,40,40.0,80.0,262,0.3360350430011749,0.7252039909362793,0.8417110011096968,0.3359191417694092,0.34407973289489746,0.3250434100627899
3,MBMPS,Spanish,80,40.0,120.0,262,0.2688148319721222,0.6725637316703796,0.8734448700416484,0.253488689661026,0.2698651850223541,0.27660128474235535
3,MBMPS,Spanish,160,40.0,200.0,262,0.19525019824504852,0.46052104234695435,0.9124934110605162,0.22443851828575134,0.18078206479549408,0.19756455719470978
3,MBMPS,Spanish,320,40.0,360.0,262,0.13127097487449646,0.2921154499053955,0.9470157260326669,0.18323108553886414,0.10385891050100327,0.13766838610172272
3,MBMPS,Spanish,640,40.0,680.0,262,0.0986892580986023,0.20531831681728363,0.9585499321802643,0.15599310398101807,0.07702420651912689,0.09396617859601974
4,SVBI,Hindi,0,40.0,40.0,181,0.4609995186328888,0.8483361601829529,0.788774016458057,0.4629136323928833,0.44724398851394653,0.47686925530433655
4,SVBI,Hindi,20,40.0,60.0,181,0.39268073439598083,0.8121312856674194,0.8338148405630592,0.42019587755203247,0.3827022910118103,0.3897228240966797
4,SVBI,Hindi,40,40.0,80.0,181,0.3646778464317322,0.6828774213790894,0.8372621592362807,0.42997145652770996,0.33012038469314575,0.3710475265979767
4,SVBI,Hindi,80,40.0,120.0,181,0.317844957113266,0.6749253273010254,0.8732081457550033,0.33917948603630066,0.2818191945552826,0.3503683805465698
4,SVBI,Hindi,160,40.0,200.0,181,0.24388840794563293,0.5563850402832031,0.9050421660297675,0.2948811650276184,0.21482014656066895,0.25142261385917664
4,SVBI,Hindi,320,40.0,360.0,181,0.16900669038295746,0.3862829804420471,0.9341552461512543,0.20322225987911224,0.15608486533164978,0.16596034169197083
4,SVBI,Hindi,640,40.0,680.0,181,0.11890901625156403,0.26903700828552246,0.9576109346226473,0.1414189338684082,0.1082058697938919,0.11961506307125092
5,NCC,Chinese,0,40.0,40.0,208,0.4779079258441925,0.8380711078643799,0.7516496526074932,0.5200087428092957,0.49361422657966614,0.43284356594085693
5,NCC,Chinese,20,40.0,60.0,208,0.42926889657974243,0.8430730700492859,0.7884643939495208,0.5204290151596069,0.43805742263793945,0.36461830139160156
5,NCC,Chinese,40,40.0,80.0,208,0.3672887980937958,0.7591963410377502,0.8218101838634675,0.4685293436050415,0.3689339756965637,0.30608391761779785
5,NCC,Chinese,80,40.0,120.0,208,0.30408647656440735,0.6594986915588379,0.8568748345132579,0.43014806509017944,0.3071419596672058,0.22656144201755524
5,NCC,Chinese,160,40.0,200.0,208,0.22352688014507294,0.49405696988105774,0.904073258927406,0.32866722345352173,0.22196348011493683,0.16423611342906952
5,NCC,Chinese,320,40.0,360.0,208,0.16539660096168518,0.36529260873794556,0.9352342429623789,0.2596900165081024,0.1545356810092926,0.12457164376974106
5,NCC,Chinese,640,40.0,680.0,208,0.14119265973567963,0.31777679920196533,0.9520929173557416,0.22481536865234375,0.1284099817276001,0.10910123586654663
6,ABA,Arabic,0,40.0,40.0,182,0.5119617581367493,0.9215458631515503,0.7873970286869761,0.5134841203689575,0.5083354115486145,0.5146797299385071
6,ABA,Arabic,20,40.0,60.0,182,0.44937384128570557,0.8337535262107849,0.7966890877544234,0.4513857066631317,0.44359469413757324,0.4539128243923187
6,ABA,Arabic,40,40.0,80.0,182,0.3930357098579407,0.7014731764793396,0.8345899407891398,0.4081326723098755,0.38793858885765076,0.3903777301311493
6,ABA,Arabic,80,40.0,120.0,182,0.315674751996994,0.5817866921424866,0.8732277284111487,0.33747532963752747,0.2999899685382843,0.31982332468032837
6,ABA,Arabic,160,40.0,200.0,182,0.24536070227622986,0.5111151337623596,0.908307207337721,0.27286529541015625,0.23706914484500885,0.23956380784511566
6,ABA,Arabic,320,40.0,360.0,182,0.16697028279304504,0.3808509111404419,0.9411545956386683,0.18259300291538239,0.15203526616096497,0.17348848283290863
6,ABA,Arabic,640,40.0,680.0,182,0.11859031021595001,0.3208087384700775,0.9537350277593045,0.16025467216968536,0.09149719774723053,0.12375287711620331
7,ASI,Hindi,0,40.0,40.0,97,0.5074507594108582,0.9406289458274841,0.7948329510753928,0.5500895977020264,0.4772758483886719,0.5140432119369507
7,ASI,Hindi,20,40.0,60.0,97,0.6224777102470398,0.848606288433075,0.800446118420037,0.5810335278511047,0.6114248633384705,0.6534236669540405
7,ASI,Hindi,40,40.0,80.0,97,0.34859228134155273,0.7811453342437744,0.8398864677493837,0.35045892000198364,0.3387805223464966,0.35673484206199646
7,ASI,Hindi,80,40.0,120.0,97,0.3273378014564514,0.5747518539428711,0.8679553374817846,0.3172833323478699,0.3352944254875183,0.3250051736831665
7,ASI,Hindi,160,40.0,200.0,97,0.22838608920574188,0.46988651156425476,0.9252355072481026,0.21435658633708954,0.2152489870786667,0.24755263328552246
7,ASI,Hindi,320,40.0,360.0,97,0.14656631648540497,0.3342154026031494,0.9447983240412081,0.20952877402305603,0.13076099753379822,0.1297050416469574
7,ASI,Hindi,640,40.0,680.0,97,0.08380567282438278,0.22316841781139374,0.9631602759584925,0.158650204539299,0.07330068200826645,0.056100524961948395
8,HJK,Korean,0,40.0,40.0,143,0.47541290521621704,0.8006360530853271,0.8100897136545099,0.4654121696949005,0.5159990191459656,0.4274929463863373
8,HJK,Korean,20,40.0,60.0,143,0.43353894352912903,0.815944492816925,0.829252851535196,0.43921735882759094,0.4838774502277374,0.36340266466140747
8,HJK,Korean,40,40.0,80.0,143,0.3485744595527649,0.6961089372634888,0.8584153493933447,0.3535453677177429,0.3924354612827301,0.28744959831237793
8,HJK,Korean,80,40.0,120.0,143,0.26733294129371643,0.6451702117919922,0.8825727717918449,0.2810908555984497,0.29893356561660767,0.2172713726758957
8,HJK,Korean,160,40.0,200.0,143,0.18195386230945587,0.37727445363998413,0.9380013781928518,0.20221753418445587,0.1982278823852539,0.148373082280159
8,HJK,Korean,320,40.0,360.0,143,0.12299973517656326,0.38222041726112366,0.9593115336446101,0.18547695875167847,0.11776222288608551,0.09297114610671997
8,HJK,Korean,640,40.0,680.0,143,0.07381819933652878,0.22019445896148682,0.9734750589889611,0.13473083078861237,0.06679023802280426,0.047090671956539154
9,ASI,Hindi,0,40.0,40.0,120,0.5419538021087646,0.9458416104316711,0.7535366778678012,0.5347380042076111,0.5355250835418701,0.5519904494285583
9,ASI,Hindi,20,40.0,60.0,120,0.5022573471069336,0.8362998962402344,0.77624307897418,0.5054698586463928,0.48226258158683777,0.520645797252655
9,ASI,Hindi,40,40.0,80.0,120,0.4413827955722809,0.7822933793067932,0.8012994519407673,0.4295766353607178,0.4317418038845062,0.4569269120693207
9,ASI,Hindi,80,40.0,120.0,120,0.3803076148033142,0.7248446345329285,0.8500798895645773,0.3743906021118164,0.3548882007598877,0.4086855351924896
9,ASI,Hindi,160,40.0,200.0,120,0.2855481505393982,0.5357067584991455,0.8946147954973575,0.30475306510925293,0.27747759222984314,0.28401628136634827
9,ASI,Hindi,320,40.0,360.0,120,0.24568192660808563,0.512626588344574,0.9118780852563567,0.20876353979110718,0.24141629040241241,0.2684067487716675
9,ASI,Hindi,640,40.0,680.0,120,0.1395932137966156,0.3584328591823578,0.958065383032686,0.1474267840385437,0.12419267743825912,0.15107695758342743
10,BWC,Chinese,0,40.0,40.0,171,0.4943109154701233,0.9163433313369751,0.7926127121389562,0.5641845464706421,0.49977344274520874,0.4557724595069885
10,BWC,Chinese,20,40.0,60.0,171,0.41456666588783264,0.8880559206008911,0.8306887832915527,0.47635796666145325,0.43763843178749084,0.3635295629501343
10,BWC,Chinese,40,40.0,80.0,171,0.3579472601413727,0.7238522171974182,0.8534046318562252,0.4141843914985657,0.3723178803920746,0.3176581859588623
10,BWC,Chinese,80,40.0,120.0,171,0.3051989674568176,0.630370020866394,0.8761804388361563,0.3501589298248291,0.3212863504886627,0.26871436834335327
10,BWC,Chinese,160,40.0,200.0,171,0.19910530745983124,0.43919605016708374,0.9247560173256693,0.2724399268627167,0.2011634111404419,0.16207416355609894
10,BWC,Chinese,320,40.0,360.0,171,0.1373216062784195,0.3168952167034149,0.9454863444643716,0.22068415582180023,0.12132053822278976,0.11227576434612274
10,BWC,Chinese,640,40.0,680.0,171,0.08094503730535507,0.1527380645275116,0.9673020147909157,0.14919501543045044,0.0646590143442154,0.06340105831623077
11,NCC,Chinese,0,40.0,40.0,102,0.5584194660186768,0.9973588585853577,0.7953247394510519,0.5976658463478088,0.5480734705924988,0.5484379529953003
11,NCC,Chinese,20,40.0,60.0,102,0.4818424880504608,0.8702594637870789,0.8182041715707038,0.5122745633125305,0.4809253215789795,0.4660627543926239
11,NCC,Chinese,40,40.0,80.0,102,0.4277731478214264,0.8541893362998962,0.8608929297214388,0.5086398124694824,0.3983265161514282,0.4164050221443176
11,NCC,Chinese,80,40.0,120.0,102,0.3330762982368469,0.7146535515785217,0.8711826782882195,0.4046202600002289,0.32663777470588684,0.3008245527744293
11,NCC,Chinese,160,40.0,200.0,102,0.2218881994485855,0.5550203323364258,0.9298128108778764,0.2804625928401947,0.18991228938102722,0.22570151090621948
11,NCC,Chinese,320,40.0,360.0,102,0.13857227563858032,0.3441945016384125,0.9573342198039543,0.17362278699874878,0.12058644741773605,0.13955464959144592
11,NCC,Chinese,640,40.0,680.0,102,0.09970154613256454,0.3017483949661255,0.963787880367139,0.1510312259197235,0.07960574328899384,0.09407512098550797
12,TLV,Vietnamese,0,40.0,40.0,129,0.5165550708770752,0.9223303198814392,0.7815446352090039,0.533221423625946,0.5343598127365112,0.4861212372779846
12,TLV,Vietnamese,20,40.0,60.0,129,0.42657968401908875,0.8745564222335815,0.8226810728084202,0.45460474491119385,0.46602970361709595,0.36407214403152466
12,TLV,Vietnamese,40,40.0,80.0,129,0.3355368971824646,0.7602733373641968,0.8675473159353941,0.34935662150382996,0.36047306656837463,0.29818078875541687
12,TLV,Vietnamese,80,40.0,120.0,129,0.26453477144241333,0.59322589635849,0.9013016090070661,0.2606752812862396,0.28545230627059937,0.24174673855304718
12,TLV,Vietnamese,160,40.0,200.0,129,0.1540551632642746,0.41753485798835754,0.9494828998593409,0.19615231454372406,0.1457105576992035,0.14070984721183777
12,TLV,Vietnamese,320,40.0,360.0,129,0.11070002615451813,0.2379007637500763,0.9630320806206013,0.16711436212062836,0.10009003430604935,0.0921337679028511
12,TLV,Vietnamese,640,40.0,680.0,129,0.07966161519289017,0.20786035060882568,0.971943927038729,0.15194231271743774,0.06795834749937057,0.053620845079422
13,THV,Vietnamese,0,40.0,40.0,237,0.49917933344841003,0.867580771446228,0.7612583737304344,0.5179210305213928,0.49252456426620483,0.49723705649375916
13,THV,Vietnamese,20,40.0,60.0,237,0.41063809394836426,0.8375129699707031,0.7992245567536386,0.45447540283203125,0.412420392036438,0.38030126690864563
13,THV,Vietnamese,40,40.0,80.0,237,0.3638240694999695,0.7981173992156982,0.8278305222319233,0.37877368927001953,0.37870386242866516,0.3322582244873047
13,THV,Vietnamese,80,40.0,120.0,237,0.35016366839408875,0.8486574292182922,0.8380945012840335,0.39301085472106934,0.3403310775756836,0.3377218544483185
13,THV,Vietnamese,160,40.0,200.0,237,0.24153071641921997,0.5658870339393616,0.8956573471976015,0.30051204562187195,0.22745178639888763,0.2252124696969986
13,THV,Vietnamese,320,40.0,360.0,237,0.18683978915214539,0.4637773633003235,0.914945360146582,0.26434561610221863,0.15979860723018646,0.17809464037418365
13,THV,Vietnamese,640,40.0,680.0,237,0.1497175395488739,0.5060532689094543,0.927287990379374,0.23957031965255737,0.1157861053943634,0.143419086933136
14,RRBI,Hindi,0,40.0,40.0,123,0.5167100429534912,0.8031715154647827,0.73870841354265,0.4083935618400574,0.5485339164733887,0.538263201713562
14,RRBI,Hindi,20,40.0,60.0,123,0.4514261782169342,0.7320823073387146,0.7917450675878966,0.3468930423259735,0.47663766145706177,0.48020291328430176
14,RRBI,Hindi,40,40.0,80.0,123,0.4163888990879059,0.7106319069862366,0.8147099705496843,0.33973485231399536,0.4334389269351959,0.43957528471946716
14,RRBI,Hindi,80,40.0,120.0,123,0.3636588752269745,0.6692699193954468,0.8428110445073888,0.2594859004020691,0.3822494149208069,0.4018106460571289
14,RRBI,Hindi,160,40.0,200.0,123,0.28987470269203186,0.4968652129173279,0.8709218365711248,0.21366387605667114,0.2991214394569397,0.3240986466407776
14,RRBI,Hindi,320,40.0,360.0,123,0.20242254436016083,0.3584979474544525,0.9280138144864564,0.1517362892627716,0.20309530198574066,0.2331259548664093
14,RRBI,Hindi,640,40.0,680.0,123,0.13260798156261444,0.22604168951511383,0.9553095262798451,0.09820125252008438,0.142181858420372,0.14023002982139587
15,HQTV,Vietnamese,0,40.0,40.0,191,0.44753026962280273,0.7968239188194275,0.7994867464912465,0.35915300250053406,0.4438222050666809,0.5051608085632324
15,HQTV,Vietnamese,20,40.0,60.0,191,0.3600131869316101,0.7122461795806885,0.8515190157156152,0.28445833921432495,0.3684561550617218,0.39313286542892456
15,HQTV,Vietnamese,40,40.0,80.0,191,0.29964369535446167,0.6424612998962402,0.8743338100248887,0.2737295925617218,0.28672388195991516,0.33299681544303894
15,HQTV,Vietnamese,80,40.0,120.0,191,0.2531047463417053,0.5628552436828613,0.8981426560853654,0.25757893919944763,0.22828665375709534,0.2849608063697815
15,HQTV,Vietnamese,160,40.0,200.0,191,0.19826124608516693,0.4733288586139679,0.9306158537806497,0.19392599165439606,0.17852887511253357,0.22827568650245667
15,HQTV,Vietnamese,320,40.0,360.0,191,0.153839111328125,0.390635222196579,0.9429091528171717,0.18667487800121307,0.12775811553001404,0.17061178386211395
15,HQTV,Vietnamese,640,40.0,680.0,191,0.1005091443657875,0.25692906975746155,0.966527399010254,0.11525370180606842,0.08346682041883469,0.1154540628194809
16,ZHAA,Arabic,0,40.0,40.0,172,0.5561414361000061,0.8694899082183838,0.7699591642749112,0.5280588865280151,0.597780168056488,0.5303284525871277
16,ZHAA,Arabic,20,40.0,60.0,172,0.4611937999725342,0.7874014973640442,0.8138681142541393,0.4874553084373474,0.47692787647247314,0.4330032765865326
16,ZHAA,Arabic,40,40.0,80.0,172,0.40484628081321716,0.7627353072166443,0.840500790783159,0.4663442373275757,0.4184925854206085,0.3610357940196991
16,ZHAA,Arabic,80,40.0,120.0,172,0.3266783654689789,0.7264420986175537,0.8625348187572786,0.377265602350235,0.3295800983905792,0.29860737919807434
16,ZHAA,Arabic,160,40.0,200.0,172,0.2257685512304306,0.632561206817627,0.9100003069108183,0.3163071870803833,0.2268393635749817,0.17947426438331604
16,ZHAA,Arabic,320,40.0,360.0,172,0.12860383093357086,0.3212854266166687,0.9433983830042308,0.23006215691566467,0.11016932874917984,0.09551912546157837
16,ZHAA,Arabic,640,40.0,680.0,172,0.08282500505447388,0.1885286122560501,0.9645507194300915,0.15437957644462585,0.06110372021794319,0.06783811748027802
17,ERMS,Spanish,0,40.0,40.0,66,0.5653641223907471,0.9909061193466187,0.8076830762427556,0.7208623886108398,0.5064064264297485,0.5543752312660217
17,ERMS,Spanish,20,40.0,60.0,66,0.4858834743499756,0.8359448313713074,0.8293517099855604,0.6514734029769897,0.45461976528167725,0.4330679774284363
17,ERMS,Spanish,40,40.0,80.0,66,0.44309109449386597,0.8316171765327454,0.8433275544738319,0.5587198734283447,0.42394912242889404,0.4027036130428314
17,ERMS,Spanish,80,40.0,120.0,66,0.3239487111568451,0.6811342239379883,0.8925329535819388,0.44209569692611694,0.289187490940094,0.30251070857048035
17,ERMS,Spanish,160,40.0,200.0,66,0.28906163573265076,0.6738777160644531,0.9166157227515468,0.4099896252155304,0.24552541971206665,0.27749738097190857
17,ERMS,Spanish,320,40.0,360.0,66,0.19510683417320251,0.5577916502952576,0.9493886185496795,0.3596816062927246,0.14562194049358368,0.1666318029165268
17,ERMS,Spanish,640,40.0,680.0,66,0.055653154850006104,0.15690992772579193,0.9894282198542592,0.11197725683450699,0.04312115162611008,0.040163882076740265
18,ERMS,Spanish,0,40.0,40.0,164,0.47774216532707214,0.7578408718109131,0.7566855500545788,0.49311208724975586,0.4636714458465576,0.48557406663894653
18,ERMS,Spanish,20,40.0,60.0,164,0.3932996988296509,0.640299379825592,0.8094143935303546,0.4504307210445404,0.3663948178291321,0.3932672441005707
18,ERMS,Spanish,40,40.0,80.0,164,0.3528653681278229,0.6486760377883911,0.8242560390685071,0.4420778453350067,0.31930819153785706,0.343111127614975
18,ERMS,Spanish,80,40.0,120.0,164,0.28277668356895447,0.6742897033691406,0.8441828359838612,0.38030263781547546,0.23921670019626617,0.2800036370754242
18,ERMS,Spanish,160,40.0,200.0,164,0.20336312055587769,0.42924243211746216,0.8848450113482335,0.27746057510375977,0.17424993216991425,0.19668620824813843
18,ERMS,Spanish,320,40.0,360.0,164,0.16869665682315826,0.3825768530368805,0.8989501569220562,0.24610432982444763,0.1404160112142563,0.15927356481552124
18,ERMS,Spanish,640,40.0,680.0,164,0.12227676063776016,0.2544243633747101,0.9271369296961265,0.22278955578804016,0.10167855024337769,0.09153827279806137
19,ABA,Arabic,0,40.0,40.0,201,0.5282204151153564,0.7889608144760132,0.7630966390008456,0.5179990530014038,0.5455050468444824,0.5179007649421692
19,ABA,Arabic,20,40.0,60.0,201,0.46237456798553467,0.7482873797416687,0.7877271248855847,0.45225125551223755,0.4712618887424469,0.4593324363231659
19,ABA,Arabic,40,40.0,80.0,201,0.39725378155708313,0.7384133338928223,0.8047896406182442,0.4068705439567566,0.3971412777900696,0.3928789496421814
19,ABA,Arabic,80,40.0,120.0,201,0.3236870765686035,0.7394450902938843,0.8552495119760496,0.32315143942832947,0.3457222580909729,0.304719477891922
19,ABA,Arabic,160,40.0,200.0,201,0.23529067635536194,0.5989091992378235,0.8910099091250292,0.254223495721817,0.2473450005054474,0.21597222983837128
19,ABA,Arabic,320,40.0,360.0,201,0.16130460798740387,0.43367522954940796,0.9255275499734499,0.21703596413135529,0.1536284238100052,0.14207738637924194
19,ABA,Arabic,640,40.0,680.0,201,0.09017954021692276,0.23745852708816528,0.9579653465350602,0.1006324514746666,0.09793887287378311,0.07855086773633957
20,PNV,Vietnamese,0,40.0,40.0,195,0.4616680443286896,0.8102810382843018,0.7589317655796884,0.4196034371852875,0.4934570789337158,0.4573856294155121
20,PNV,Vietnamese,20,40.0,60.0,195,0.3660106956958771,0.7581135034561157,0.8175075266553203,0.35785678029060364,0.3875199556350708,0.35450419783592224
20,PNV,Vietnamese,40,40.0,80.0,195,0.31696414947509766,0.6927359104156494,0.8413567008925353,0.34288981556892395,0.33163854479789734,0.29576560854911804
20,PNV,Vietnamese,80,40.0,120.0,195,0.24806302785873413,0.5143477320671082,0.885258949088531,0.27088451385498047,0.25411492586135864,0.23417866230010986
20,PNV,Vietnamese,160,40.0,200.0,195,0.18266239762306213,0.49920010566711426,0.9221413552655998,0.19643157720565796,0.17921477556228638,0.17922385036945343
20,PNV,Vietnamese,320,40.0,360.0,195,0.11335652321577072,0.23562996089458466,0.9549994973641984,0.15450987219810486,0.09016267955303192,0.11204592883586884
20,PNV,Vietnamese,640,40.0,680.0,195,0.07691477239131927,0.15645398199558258,0.967213272059931,0.138946533203125,0.05754266679286957,0.06409495323896408
21,YDCK,Korean,0,40.0,40.0,79,0.556277871131897,0.9679655432701111,0.7897718644162308,0.5764981508255005,0.5335646867752075,0.5681713819503784
21,YDCK,Korean,20,40.0,60.0,79,0.49085646867752075,0.9399453401565552,0.8292310973331563,0.5409682989120483,0.4332248866558075,0.5216309428215027
21,YDCK,Korean,40,40.0,80.0,79,0.44438570737838745,0.8200194239616394,0.827514308490717,0.46660786867141724,0.4243773818016052,0.45265787839889526
21,YDCK,Korean,80,40.0,120.0,79,0.38265833258628845,0.768634557723999,0.8467305587268247,0.44259166717529297,0.36535704135894775,0.36945226788520813
21,YDCK,Korean,160,40.0,200.0,79,0.25987327098846436,0.509864866733551,0.9071949669105288,0.3214137554168701,0.22235172986984253,0.2654520273208618
21,YDCK,Korean,320,40.0,360.0,79,0.13073194026947021,0.2892974615097046,0.9540871726567318,0.20521067082881927,0.10697563737630844,0.11650652438402176
21,YDCK,Korean,640,40.0,680.0,79,0.06670578569173813,0.14498686790466309,0.982189930033207,0.11119288206100464,0.04777418076992035,0.06280224770307541
22,RRBI,Hindi,0,40.0,40.0,141,0.5544114112854004,0.888924241065979,0.7284188585576477,0.5454486608505249,0.5836061835289001,0.5301316976547241
22,RRBI,Hindi,20,40.0,60.0,141,0.48441460728645325,0.9488186836242676,0.7673409022381509,0.5287076234817505,0.4859043061733246,0.4611930549144745
22,RRBI,Hindi,40,40.0,80.0,141,0.4236196279525757,0.8925403356552124,0.7878434307044897,0.4653436541557312,0.42043325304985046,0.4062541127204895
22,RRBI,Hindi,80,40.0,120.0,141,0.35653460025787354,0.8170899748802185,0.8374471672388255,0.410077840089798,0.35298505425453186,0.33371999859809875
22,RRBI,Hindi,160,40.0,200.0,141,0.27385157346725464,0.7094510793685913,0.8900355262645187,0.38443541526794434,0.2646765410900116,0.2285437434911728
22,RRBI,Hindi,320,40.0,360.0,141,0.18141192197799683,0.5610859990119934,0.9309933281536101,0.29769906401634216,0.1586831659078598,0.14661839604377747
22,RRBI,Hindi,640,40.0,680.0,141,0.08249863237142563,0.26701825857162476,0.9660748278804926,0.17963163554668427,0.05789921060204506,0.05895201489329338
23,MBMPS,Spanish,0,40.0,40.0,212,0.4786958396434784,0.8364570736885071,0.7568667926633524,0.45245635509490967,0.4799339771270752,0.49142226576805115
23,MBMPS,Spanish,20,40.0,60.0,212,0.4251827597618103,0.9107452630996704,0.81081981446947,0.4049704670906067,0.4213312864303589,0.44033175706863403
23,MBMPS,Spanish,40,40.0,80.0,212,0.3629184365272522,0.7088007926940918,0.847166468389865,0.35704097151756287,0.36849936842918396,0.3598688244819641
23,MBMPS,Spanish,80,40.0,120.0,212,0.3089727461338043,0.6308227181434631,0.8698283727303319,0.3096417188644409,0.3117882013320923,0.30548095703125
23,MBMPS,Spanish,160,40.0,200.0,212,0.21601085364818573,0.541495680809021,0.9065101753438201,0.24036642909049988,0.1962864100933075,0.22486314177513123
23,MBMPS,Spanish,320,40.0,360.0,212,0.13987591862678528,0.3210212290287018,0.9390471335875951,0.21330909430980682,0.10093847662210464,0.1437234729528427
23,MBMPS,Spanish,640,40.0,680.0,212,0.08079629391431808,0.21447210013866425,0.9620545344669565,0.1414913833141327,0.05776368826627731,0.07379643619060516
24,THV,Vietnamese,0,40.0,40.0,149,0.5577372312545776,0.919305145740509,0.7424617560751603,0.5251093506813049,0.5744239091873169,0.5538754463195801
24,THV,Vietnamese,20,40.0,60.0,149,0.45356014370918274,0.8768693804740906,0.8012390843237974,0.5317468047142029,0.438416451215744,0.4273245632648468
24,THV,Vietnamese,40,40.0,80.0,149,0.38900262117385864,0.8734384179115295,0.8263832312053561,0.3985641896724701,0.39294204115867615,0.3775208592414856
24,THV,Vietnamese,80,40.0,120.0,149,0.3156180679798126,0.7435569167137146,0.872972640691817,0.31884604692459106,0.3155224025249481,0.3137784004211426
24,THV,Vietnamese,160,40.0,200.0,149,0.22995880246162415,0.6051957607269287,0.9187804895351708,0.25533172488212585,0.22548413276672363,0.2208167463541031
24,THV,Vietnamese,320,40.0,360.0,149,0.1413956582546234,0.4211229383945465,0.9555416699700732,0.22844505310058594,0.12016681581735611,0.11842704564332962
24,THV,Vietnamese,640,40.0,680.0,149,0.10057704895734787,0.3567119538784027,0.9618491043224907,0.2430635243654251,0.0598839707672596,0.07147340476512909
25,HJK,Korean,0,40.0,40.0,195,0.4860318601131439,0.8322124481201172,0.7702101007516379,0.44843804836273193,0.48068854212760925,0.5121915936470032
25,HJK,Korean,20,40.0,60.0,195,0.4001392126083374,0.7805249094963074,0.8190965909312226,0.3743096590042114,0.4015984535217285,0.4122794568538666
25,HJK,Korean,40,40.0,80.0,195,0.35159537196159363,0.7775545716285706,0.8435970974270444,0.3293054699897766,0.3507879972457886,0.364421546459198
25,HJK,Korean,80,40.0,120.0,195,0.27677783370018005,0.5265331268310547,0.8905346396675841,0.2513020634651184,0.27531903982162476,0.29204681515693665
25,HJK,Korean,160,40.0,200.0,195,0.16489535570144653,0.32719168066978455,0.9384166792971148,0.21081916987895966,0.14742392301559448,0.16022546589374542
25,HJK,Korean,320,40.0,360.0,195,0.11542260646820068,0.2103893756866455,0.9579081702881798,0.15902362763881683,0.10662282258272171,0.10213412344455719
25,HJK,Korean,640,40.0,680.0,195,0.0688273012638092,0.14541177451610565,0.9766902821188462,0.11552450060844421,0.05453382059931755,0.06013096868991852
26,EBVS,Spanish,0,40.0,40.0,252,0.46531981229782104,0.8321369290351868,0.7588942861365513,0.4511610269546509,0.4508752226829529,0.491610586643219
26,EBVS,Spanish,20,40.0,60.0,252,0.37399154901504517,0.7424232959747314,0.8013693936114614,0.3810504376888275,0.37527593970298767,0.368330180644989
26,EBVS,Spanish,40,40.0,80.0,252,0.319967120885849,0.8058116436004639,0.8327752448197752,0.32969939708709717,0.3091370165348053,0.3280191421508789
26,EBVS,Spanish,80,40.0,120.0,252,0.24650432169437408,0.5368219017982483,0.879090592638965,0.23534706234931946,0.2434985488653183,0.25668036937713623
26,EBVS,Spanish,160,40.0,200.0,252,0.1849774718284607,0.4441143870353699,0.9107334922832722,0.18090887367725372,0.18239280581474304,0.19056148827075958
26,EBVS,Spanish,320,40.0,360.0,252,0.14166995882987976,0.29687434434890747,0.9244121243421479,0.13687746226787567,0.13843362033367157,0.14848890900611877
26,EBVS,Spanish,640,40.0,680.0,252,0.10710699111223221,0.20179025828838348,0.9515050640120195,0.12564429640769958,0.09222842752933502,0.11520804464817047
27,NCC,Chinese,0,40.0,40.0,200,0.48743999004364014,0.8021538257598877,0.7763203519464397,0.5547530055046082,0.4492289423942566,0.4914665222167969
27,NCC,Chinese,20,40.0,60.0,200,0.4101429283618927,0.748405933380127,0.8085664297846852,0.4741498827934265,0.3672359585762024,0.4203820526599884
27,NCC,Chinese,40,40.0,80.0,200,0.3748801350593567,0.7524240016937256,0.8149540751663319,0.42620569467544556,0.32205715775489807,0.401052862405777
27,NCC,Chinese,80,40.0,120.0,200,0.3292999565601349,0.7485971450805664,0.8533087537706877,0.37381234765052795,0.2870987057685852,0.3484778106212616
27,NCC,Chinese,160,40.0,200.0,200,0.240658238530159,0.5008288621902466,0.908091605696936,0.29733723402023315,0.22387287020683289,0.2290395349264145
27,NCC,Chinese,320,40.0,360.0,200,0.1711115688085556,0.37076565623283386,0.9378446364958987,0.25183725357055664,0.14772900938987732,0.15405228734016418
27,NCC,Chinese,640,40.0,680.0,200,0.11962459236383438,0.26589712500572205,0.9583044978410444,0.16818054020404816,0.10201294720172882,0.11282318085432053
28,RRBI,Hindi,0,40.0,40.0,279,0.5076347589492798,0.8055399060249329,0.7312504938375992,0.39637061953544617,0.5607507228851318,0.5087686777114868
28,RRBI,Hindi,20,40.0,60.0,279,0.43567442893981934,0.7112855315208435,0.7781459625428373,0.3659304082393646,0.4843948781490326,0.41995978355407715
28,RRBI,Hindi,40,40.0,80.0,279,0.3840736448764801,0.6817430257797241,0.8063137253138462,0.34852832555770874,0.41469863057136536,0.3698946535587311
28,RRBI,Hindi,80,40.0,120.0,279,0.3303631842136383,0.6804457902908325,0.831944101773883,0.32331058382987976,0.35126838088035583,0.31175991892814636
28,RRBI,Hindi,160,40.0,200.0,279,0.2669341564178467,0.5978769063949585,0.8613957451964566,0.2944074273109436,0.2534791827201843,0.26701587438583374
28,RRBI,Hindi,320,40.0,360.0,279,0.23282136023044586,0.6038352251052856,0.8805047070080746,0.2897982895374298,0.21558454632759094,0.22163179516792297
28,RRBI,Hindi,640,40.0,680.0,279,0.17237579822540283,0.4127552807331085,0.9056389685159084,0.227110356092453,0.1425805240869522,0.17572139203548431
29,ABA,Arabic,0,40.0,40.0,162,0.4896053671836853,0.8518882989883423,0.7553471766977758,0.5257570743560791,0.5080049633979797,0.44755494594573975
29,ABA,Arabic,20,40.0,60.0,162,0.43292006850242615,0.7599099278450012,0.8058035449378514,0.5049747228622437,0.43935999274253845,0.38497763872146606
29,ABA,Arabic,40,40.0,80.0,162,0.3955030143260956,0.8002195954322815,0.815878197171156,0.4684634208679199,0.391705721616745,0.3591998815536499
29,ABA,Arabic,80,40.0,120.0,162,0.34803763031959534,0.7494610548019409,0.8298044085865931,0.41145238280296326,0.36163344979286194,0.2964377999305725
29,ABA,Arabic,160,40.0,200.0,162,0.27570992708206177,0.6506057977676392,0.8730916408786816,0.3469672203063965,0.2799999415874481,0.23076428472995758
29,ABA,Arabic,320,40.0,360.0,162,0.21030795574188232,0.5749159455299377,0.8929480566730179,0.28256338834762573,0.21468764543533325,0.16469767689704895
29,ABA,Arabic,640,40.0,680.0,162,0.14946067333221436,0.4028410315513611,0.9309553994945695,0.17041684687137604,0.1682644933462143,0.11542977392673492
30,YKWK,Korean,0,40.0,40.0,209,0.5450009703636169,0.8692206740379333,0.7659500152732543,0.5846606492996216,0.525922954082489,0.5430051684379578
30,YKWK,Korean,20,40.0,60.0,209,0.45527660846710205,0.798141598701477,0.8072973145580974,0.5329952239990234,0.43700525164604187,0.4346134662628174
30,YKWK,Korean,40,40.0,80.0,209,0.3961244523525238,0.7204884886741638,0.8323614970355844,0.4673641622066498,0.37944623827934265,0.3771224617958069
30,YKWK,Korean,80,40.0,120.0,209,0.3345208764076233,0.7383596301078796,0.85790985606248,0.4313218295574188,0.31500017642974854,0.30594754219055176
30,YKWK,Korean,160,40.0,200.0,209,0.2650792896747589,0.7128311395645142,0.8965020527186884,0.3681701123714447,0.25037682056427,0.22931499779224396
30,YKWK,Korean,320,40.0,360.0,209,0.17278411984443665,0.35995882749557495,0.9397459785863879,0.2903079092502594,0.15496571362018585,0.13293959200382233
30,YKWK,Korean,640,40.0,680.0,209,0.11685898900032043,0.3053111732006073,0.956598823706461,0.23044009506702423,0.08970142155885696,0.08705993741750717
31,SVBI,Hindi,0,40.0,40.0,129,0.4616547226905823,0.8610093593597412,0.8048164040338228,0.46193727850914,0.4747370779514313,0.4446297883987427
31,SVBI,Hindi,20,40.0,60.0,129,0.3524458110332489,0.6716067790985107,0.8535211717126614,0.3270570635795593,0.3776073455810547,0.33468449115753174
31,SVBI,Hindi,40,40.0,80.0,129,0.3130325675010681,0.5531999468803406,0.8688671375277242,0.3079024851322174,0.3179855942726135,0.3096127510070801
31,SVBI,Hindi,80,40.0,120.0,129,0.2757713198661804,0.5229089856147766,0.9048090893030941,0.244084432721138,0.29249194264411926,0.2725282907485962
31,SVBI,Hindi,160,40.0,200.0,129,0.2020128071308136,0.4428902566432953,0.9404181388377678,0.2188299000263214,0.19864006340503693,0.19664336740970612
31,SVBI,Hindi,320,40.0,360.0,129,0.18887293338775635,0.3978935778141022,0.9380762482119883,0.18392838537693024,0.19156767427921295,0.18825656175613403
31,SVBI,Hindi,640,40.0,680.0,129,0.07076893746852875,0.14997074007987976,0.9713988828117229,0.12449571490287781,0.0518166646361351,0.06415417045354843
32,EBVS,Spanish,0,40.0,40.0,218,0.4392782747745514,0.7538899779319763,0.7498945103590715,0.41678953170776367,0.441712886095047,0.4485306739807129
32,EBVS,Spanish,20,40.0,60.0,218,0.3591814339160919,0.6429239511489868,0.7893410922367934,0.3563941717147827,0.3584847152233124,0.3614228367805481
32,EBVS,Spanish,40,40.0,80.0,218,0.309015691280365,0.5644055008888245,0.8176876452117038,0.29653918743133545,0.3312452435493469,0.2912576198577881
32,EBVS,Spanish,80,40.0,120.0,218,0.27132555842399597,0.5610336661338806,0.8348624034494844,0.27725109457969666,0.2812786400318146,0.25727197527885437
32,EBVS,Spanish,160,40.0,200.0,218,0.21036379039287567,0.4330703914165497,0.871712552996497,0.22999043762683868,0.2288082391023636,0.17973706126213074
32,EBVS,Spanish,320,40.0,360.0,218,0.18553262948989868,0.46685731410980225,0.8772680562031441,0.22369475662708282,0.19863487780094147,0.1509370058774948
32,EBVS,Spanish,640,40.0,680.0,218,0.1338571012020111,0.34555909037590027,0.8974261156899488,0.17626434564590454,0.12613418698310852,0.11984341591596603
33,YBAA,Arabic,0,40.0,40.0,159,0.5009000301361084,1.0229880809783936,0.7787888025155444,0.5145200490951538,0.49204960465431213,0.5035189390182495
33,YBAA,Arabic,20,40.0,60.0,159,0.40841540694236755,0.8465384244918823,0.8055959583202732,0.40913885831832886,0.3873971402645111,0.4314999282360077
33,YBAA,Arabic,40,40.0,80.0,159,0.33580151200294495,0.7100644707679749,0.8533318729509157,0.33004647493362427,0.3077811598777771,0.3701602518558502
33,YBAA,Arabic,80,40.0,120.0,159,0.23738645017147064,0.4868035316467285,0.9060793777152955,0.26452264189720154,0.21774837374687195,0.24484305083751678
33,YBAA,Arabic,160,40.0,200.0,159,0.20491036772727966,0.5441705584526062,0.9304774981163387,0.20684120059013367,0.18973203003406525,0.22082971036434174
33,YBAA,Arabic,320,40.0,360.0,159,0.13707052171230316,0.3690991997718811,0.9551522862707205,0.1621592938899994,0.1106061115860939,0.15324172377586365
33,YBAA,Arabic,640,40.0,680.0,159,0.09976240992546082,0.27106228470802307,0.9649023232995985,0.12758713960647583,0.07644698768854141,0.11095811426639557
34,MBMPS,Spanish,0,40.0,40.0,248,0.44580766558647156,0.8232260942459106,0.7988304805175791,0.4665318429470062,0.43543511629104614,0.4453141987323761
34,MBMPS,Spanish,20,40.0,60.0,248,0.3597447872161865,0.8091344833374023,0.8415263234698132,0.4472736120223999,0.3172791004180908,0.356422483921051
34,MBMPS,Spanish,40,40.0,80.0,248,0.3070757985115051,0.6139054894447327,0.8655589410854738,0.3446705639362335,0.26981890201568604,0.3231890797615051
34,MBMPS,Spanish,80,40.0,120.0,248,0.23723885416984558,0.4148998558521271,0.8966312134600264,0.2699666917324066,0.22321656346321106,0.23428471386432648
34,MBMPS,Spanish,160,40.0,200.0,248,0.18822109699249268,0.4043648838996887,0.9167360245063618,0.25163573026657104,0.16561180353164673,0.17829054594039917
34,MBMPS,Spanish,320,40.0,360.0,248,0.11911393702030182,0.25225409865379333,0.9549833865179551,0.15494944155216217,0.1066100150346756,0.11325081437826157
34,MBMPS,Spanish,640,40.0,680.0,248,0.095064178109169,0.22388996183872223,0.9613739202720994,0.16073256731033325,0.07138774544000626,0.08502380549907684
35,YDCK,Korean,0,40.0,40.0,94,0.5964405536651611,0.9989649653434753,0.748726699746533,0.6303581595420837,0.5710291266441345,0.6092541813850403
35,YDCK,Korean,20,40.0,60.0,94,0.5218470692634583,0.9406478404998779,0.8252339197664885,0.6516799926757812,0.4697553217411041,0.5133934617042542
35,YDCK,Korean,40,40.0,80.0,94,0.482301265001297,0.911715030670166,0.8479682594255205,0.577608585357666,0.4329136312007904,0.4902843236923218
35,YDCK,Korean,80,40.0,120.0,94,0.37192490696907043,0.6029362678527832,0.8952785397699102,0.4845077693462372,0.31066402792930603,0.38507285714149475
35,YDCK,Korean,160,40.0,200.0,94,0.2660311162471771,0.4521024823188782,0.9227679121102198,0.38587263226509094,0.1944001466035843,0.2881981134414673
35,YDCK,Korean,320,40.0,360.0,94,0.1872967928647995,0.4043858051300049,0.956762524572162,0.21344932913780212,0.16333091259002686,0.20274131000041962
35,YDCK,Korean,640,40.0,680.0,94,0.10114657878875732,0.2429884970188141,0.9728179108370193,0.14696861803531647,0.07772205024957657,0.10457722097635269
36,MBMPS,Spanish,0,40.0,40.0,302,0.4896852672100067,0.8082464933395386,0.7553879064665164,0.4923597574234009,0.46370017528533936,0.5106175541877747
36,MBMPS,Spanish,20,40.0,60.0,302,0.4221641421318054,0.8036096096038818,0.7969560682405429,0.49144941568374634,0.3950869143009186,0.41277316212654114
36,MBMPS,Spanish,40,40.0,80.0,302,0.38555198907852173,0.8598005175590515,0.8164137687693092,0.44077321887016296,0.36135026812553406,0.38030511140823364
36,MBMPS,Spanish,80,40.0,120.0,302,0.3293510973453522,0.7657619118690491,0.844606186561615,0.34891074895858765,0.3190581500530243,0.32896167039871216
36,MBMPS,Spanish,160,40.0,200.0,302,0.26088955998420715,0.5432605743408203,0.8767282278693543,0.29076987504959106,0.2553463876247406,0.2516017258167267
36,MBMPS,Spanish,320,40.0,360.0,302,0.1950249820947647,0.39808589220046997,0.905374685031304,0.2571965456008911,0.1812749058008194,0.17759260535240173
36,MBMPS,Spanish,640,40.0,680.0,302,0.1324475258588791,0.27042585611343384,0.9322474577117507,0.2369713932275772,0.10428115725517273,0.10745145380496979
37,RRBI,Hindi,0,40.0,40.0,62,0.638477087020874,1.0696619749069214,0.716620267424838,0.5226812362670898,0.6217926144599915,0.7185794711112976
37,RRBI,Hindi,20,40.0,60.0,62,0.5388265252113342,0.9687631130218506,0.8324575341775624,0.4435662627220154,0.5486963391304016,0.5801448225975037
37,RRBI,Hindi,40,40.0,80.0,62,0.45969194173812866,0.927902102470398,0.8356774436108075,0.40804508328437805,0.4679895043373108,0.4790240526199341
37,RRBI,Hindi,80,40.0,120.0,62,0.36384132504463196,0.7823036909103394,0.8648985904967746,0.3632811903953552,0.3596985340118408,0.3684602677822113
37,RRBI,Hindi,160,40.0,200.0,62,0.2857341766357422,0.8503109812736511,0.9126477548828253,0.3197554051876068,0.2531258463859558,0.30127304792404175
37,RRBI,Hindi,320,40.0,360.0,62,0.1698683798313141,0.5102899074554443,0.9443822893677791,0.2515402138233185,0.13114355504512787,0.16596777737140656
37,RRBI,Hindi,640,40.0,680.0,62,0.10388261824846268,0.3575286567211151,0.9719262301338073,0.1747664362192154,0.08338817954063416,0.08683561533689499
38,BWC,Chinese,0,40.0,40.0,202,0.4679514169692993,0.7518525719642639,0.8006087264596248,0.4857200086116791,0.4451031982898712,0.4878576099872589
38,BWC,Chinese,20,40.0,60.0,202,0.4141562581062317,0.7882583141326904,0.8305367132217878,0.44296661019325256,0.38912898302078247,0.43040674924850464
38,BWC,Chinese,40,40.0,80.0,202,0.3378089666366577,0.6375563740730286,0.8622251836529448,0.3367966115474701,0.32176151871681213,0.3598071336746216
38,BWC,Chinese,80,40.0,120.0,202,0.2643222212791443,0.6142286062240601,0.899485801130429,0.25864458084106445,0.26140013337135315,0.27159208059310913
38,BWC,Chinese,160,40.0,200.0,202,0.19633813202381134,0.574849009513855,0.9291273006015788,0.2002919763326645,0.1925027072429657,0.19910264015197754
38,BWC,Chinese,320,40.0,360.0,202,0.1438104659318924,0.5386688113212585,0.9532128546934736,0.18603795766830444,0.1262056678533554,0.1421918421983719
38,BWC,Chinese,640,40.0,680.0,202,0.10986420512199402,0.42671287059783936,0.9608225124135282,0.12256288528442383,0.1120254397392273,0.09943700581789017
39,ZHAA,Arabic,0,40.0,40.0,100,0.5121609568595886,0.8951044678688049,0.7610051174570897,0.4630696773529053,0.5731453895568848,0.48251911997795105
39,ZHAA,Arabic,20,40.0,60.0,100,0.4277583956718445,0.7853468656539917,0.7985156394366294,0.3623366951942444,0.4919602572917938,0.4029436409473419
39,ZHAA,Arabic,40,40.0,80.0,100,0.3651549518108368,0.7304949760437012,0.8574472287530432,0.3102338910102844,0.4092249274253845,0.35277891159057617
39,ZHAA,Arabic,80,40.0,120.0,100,0.30436772108078003,0.6554779410362244,0.8934018369612297,0.2699626684188843,0.315641313791275,0.31066954135894775
39,ZHAA,Arabic,160,40.0,200.0,100,0.24302391707897186,0.6234638094902039,0.9277864598269274,0.23163823783397675,0.2600826025009155,0.2336411327123642
39,ZHAA,Arabic,320,40.0,360.0,100,0.1587420403957367,0.3798859417438507,0.9564914172601764,0.12593726813793182,0.16334664821624756,0.17003798484802246
39,ZHAA,Arabic,640,40.0,680.0,100,0.09548413008451462,0.28047871589660645,0.9678182513323074,0.12308619171380997,0.10519712418317795,0.07428830116987228
40,ZHAA,Arabic,0,40.0,40.0,261,0.4991230070590973,0.8327468037605286,0.7431569558869915,0.4659966826438904,0.49811941385269165,0.5168797969818115
40,ZHAA,Arabic,20,40.0,60.0,261,0.4355451762676239,0.8182447552680969,0.7760378049112728,0.44679662585258484,0.4152514338493347,0.4507496953010559
40,ZHAA,Arabic,40,40.0,80.0,261,0.380388468503952,0.7854031324386597,0.8084548226625036,0.3827098608016968,0.3689815104007721,0.3909556269645691
40,ZHAA,Arabic,80,40.0,120.0,261,0.29467371106147766,0.7045695185661316,0.8499115827474899,0.294928640127182,0.2881925106048584,0.30121490359306335
40,ZHAA,Arabic,160,40.0,200.0,261,0.22590534389019012,0.6224535703659058,0.8851783165797718,0.26100313663482666,0.22839798033237457,0.20562085509300232
40,ZHAA,Arabic,320,40.0,360.0,261,0.14724238216876984,0.36034053564071655,0.9313953884014954,0.15045373141765594,0.15070639550685883,0.14205621182918549
40,ZHAA,Arabic,640,40.0,680.0,261,0.0938640758395195,0.22558605670928955,0.953123280838787,0.10849659144878387,0.08055730909109116,0.10017114132642746
41,TXHC,Chinese,0,40.0,40.0,238,0.4393206238746643,0.8173726201057434,0.781280624454035,0.527530312538147,0.4165354371070862,0.41765454411506653
41,TXHC,Chinese,20,40.0,60.0,238,0.35891446471214294,0.7094931602478027,0.8244868387676767,0.4728569984436035,0.3275837004184723,0.33327317237854004
41,TXHC,Chinese,40,40.0,80.0,238,0.3203698396682739,0.7383944988250732,0.852020518898806,0.40918591618537903,0.2801831066608429,0.3198573887348175
41,TXHC,Chinese,80,40.0,120.0,238,0.2676624357700348,0.6372236013412476,0.8776180891376018,0.4052145779132843,0.22916379570960999,0.23754315078258514
41,TXHC,Chinese,160,40.0,200.0,238,0.20108775794506073,0.535740315914154,0.9054246704483342,0.3102230727672577,0.17236940562725067,0.17493392527103424
41,TXHC,Chinese,320,40.0,360.0,238,0.153797447681427,0.4187966287136078,0.9257801539140804,0.2802877426147461,0.11862185597419739,0.1258198320865631
41,TXHC,Chinese,640,40.0,680.0,238,0.12954965233802795,0.34335219860076904,0.9418696029500181,0.2583268880844116,0.09208658337593079,0.1031062975525856
42,YKWK,Korean,0,40.0,40.0,155,0.5659517645835876,0.9215394258499146,0.7745718144041152,0.4760807454586029,0.5953217148780823,0.5800383687019348
42,YKWK,Korean,20,40.0,60.0,155,0.49764513969421387,0.912850558757782,0.8136951465693961,0.4255542457103729,0.5361562371253967,0.49078890681266785
42,YKWK,Korean,40,40.0,80.0,155,0.4631059169769287,0.8887582421302795,0.8299900081356152,0.3593330979347229,0.511699378490448,0.4615451991558075
42,YKWK,Korean,80,40.0,120.0,155,0.4124949872493744,0.8415117859840393,0.8512303149844468,0.32515451312065125,0.4510187804698944,0.4140652120113373
42,YKWK,Korean,160,40.0,200.0,155,0.27069365978240967,0.662616491317749,0.8984370926464339,0.22818006575107574,0.2874023914337158,0.27393874526023865
42,YKWK,Korean,320,40.0,360.0,155,0.18709765374660492,0.6979745030403137,0.9322510310569322,0.22582802176475525,0.1831168681383133,0.17049144208431244
42,YKWK,Korean,640,40.0,680.0,155,0.11988852918148041,0.3708730638027191,0.9617262130027759,0.20205987989902496,0.09934835880994797,0.09934241324663162
43,HQTV,Vietnamese,0,40.0,40.0,252,0.41723936796188354,0.6913055777549744,0.7714317669641899,0.438085675239563,0.414899617433548,0.408723920583725
43,HQTV,Vietnamese,20,40.0,60.0,252,0.3557214140892029,0.5928847789764404,0.8032769158250187,0.3820425570011139,0.354312926530838,0.3432787358760834
43,HQTV,Vietnamese,40,40.0,80.0,252,0.3456699252128601,0.6587059497833252,0.8267084150780928,0.37913206219673157,0.35024118423461914,0.32289332151412964
43,HQTV,Vietnamese,80,40.0,120.0,252,0.30067509412765503,0.7000700235366821,0.8601522223936764,0.2898196280002594,0.30899134278297424,0.2973461151123047
43,HQTV,Vietnamese,160,40.0,200.0,252,0.23733684420585632,0.5150651335716248,0.8876895920862519,0.24822571873664856,0.24589762091636658,0.22218872606754303
43,HQTV,Vietnamese,320,40.0,360.0,252,0.20462100207805634,0.5052959322929382,0.8928397486831454,0.2636297345161438,0.19354256987571716,0.18538962304592133
43,HQTV,Vietnamese,640,40.0,680.0,252,0.14512795209884644,0.32002243399620056,0.9237647400344842,0.22118063271045685,0.1285412758588791,0.1228666678071022
44,HKK,Korean,0,40.0,40.0,169,0.5109465718269348,0.8233104944229126,0.7583209279336725,0.5205491185188293,0.496073842048645,0.5215485692024231
44,HKK,Korean,20,40.0,60.0,169,0.4475521147251129,0.7847101092338562,0.7981492018385408,0.4510915279388428,0.4362964928150177,0.45749589800834656
44,HKK,Korean,40,40.0,80.0,169,0.4155241847038269,0.8442490696907043,0.8350604926107427,0.4092988669872284,0.4030608832836151,0.4317610561847687
44,HKK,Korean,80,40.0,120.0,169,0.35938888788223267,0.7805898785591125,0.8539108794759617,0.3321821093559265,0.3622055947780609,0.37045973539352417
44,HKK,Korean,160,40.0,200.0,169,0.2914600670337677,0.5752279758453369,0.8888994555522657,0.22957982122898102,0.31331536173820496,0.3004890978336334
44,HKK,Korean,320,40.0,360.0,169,0.18282240629196167,0.3898770213127136,0.9290079781897155,0.1856261044740677,0.17592446506023407,0.18858954310417175
44,HKK,Korean,640,40.0,680.0,169,0.0883089005947113,0.20331887900829315,0.9656032124220083,0.13662280142307281,0.06264407932758331,0.09025131165981293
45,HQTV,Vietnamese,0,40.0,40.0,69,0.5459051132202148,0.9528514742851257,0.7455691796712827,0.61021488904953,0.5007736682891846,0.5572701096534729
45,HQTV,Vietnamese,20,40.0,60.0,69,0.47298353910446167,0.9109914302825928,0.8035091937146867,0.5774985551834106,0.42942890524864197,0.46272510290145874
45,HQTV,Vietnamese,40,40.0,80.0,69,0.4416719973087311,0.9785895347595215,0.8038428093243691,0.5864135026931763,0.3945847153663635,0.4147069454193115
45,HQTV,Vietnamese,80,40.0,120.0,69,0.32265594601631165,0.9308200478553772,0.8799022758302343,0.5109052062034607,0.2676926851272583,0.2815317213535309
45,HQTV,Vietnamese,160,40.0,200.0,69,0.262713760137558,0.8100208640098572,0.9080162701024012,0.41381117701530457,0.20683889091014862,0.24104435741901398
45,HQTV,Vietnamese,320,40.0,360.0,69,0.15825453400611877,0.4783826470375061,0.9489401451228204,0.26518139243125916,0.11758123338222504,0.1440117508172989
45,HQTV,Vietnamese,640,40.0,680.0,69,0.09621143341064453,0.2522961497306824,0.967273610343993,0.19331002235412598,0.06950227171182632,0.07341737300157547
46,PNV,Vietnamese,0,40.0,40.0,200,0.5001724362373352,0.8523561358451843,0.7638467255010154,0.5259182453155518,0.5049647688865662,0.48068639636039734
46,PNV,Vietnamese,20,40.0,60.0,200,0.4214233458042145,0.898131251335144,0.8035550937872941,0.44435733556747437,0.42499279975891113,0.404878169298172
46,PNV,Vietnamese,40,40.0,80.0,200,0.38800033926963806,0.8383792042732239,0.825151082599865,0.4317362904548645,0.3949497938156128,0.3562828600406647
46,PNV,Vietnamese,80,40.0,120.0,200,0.30103418231010437,0.6633646488189697,0.8671544094848023,0.3492637276649475,0.30942875146865845,0.2652083933353424
46,PNV,Vietnamese,160,40.0,200.0,200,0.23463332653045654,0.6612027883529663,0.9015195428569377,0.28896480798721313,0.23440532386302948,0.20552992820739746
46,PNV,Vietnamese,320,40.0,360.0,200,0.17456741631031036,0.5321476459503174,0.9330853308040308,0.24667659401893616,0.1658879965543747,0.14567634463310242
46,PNV,Vietnamese,640,40.0,680.0,200,0.1091596782207489,0.3902009427547455,0.9477826156483642,0.16741648316383362,0.10329775512218475,0.08448202162981033
47,HJK,Korean,0,40.0,40.0,168,0.4539073705673218,0.8240421414375305,0.7738528760329777,0.4520018398761749,0.45095714926719666,0.45782458782196045
47,HJK,Korean,20,40.0,60.0,168,0.3941865563392639,0.8400707840919495,0.8128661604529367,0.4107826054096222,0.36937782168388367,0.4105733633041382
47,HJK,Korean,40,40.0,80.0,168,0.3230209946632385,0.8100818395614624,0.8513482598721486,0.3184163272380829,0.3023606240749359,0.34601810574531555
47,HJK,Korean,80,40.0,120.0,168,0.2677111327648163,0.6454747319221497,0.8940355427888433,0.24347496032714844,0.26596128940582275,0.28175991773605347
47,HJK,Korean,160,40.0,200.0,168,0.20417603850364685,0.5304115414619446,0.9137010935871965,0.2289707511663437,0.21019552648067474,0.18557420372962952
47,HJK,Korean,320,40.0,360.0,168,0.14527182281017303,0.4996472895145416,0.9340741858129061,0.1965387910604477,0.14886115491390228,0.11566638946533203
47,HJK,Korean,640,40.0,680.0,168,0.0969466045498848,0.27329614758491516,0.9583444410397447,0.14596639573574066,0.08403601497411728,0.08498146384954453
